{"cameraMode":{"drawMode":0,"name":"Shaded","section":"Shading Mode"},"sceneLighting":true,"audioPlay":false,"sceneViewState":{"m_AlwaysRefresh":false,"showFog":true,"showSkybox":true,"showFlares":true,"showImageEffects":true,"showParticleSystems":true,"showVisualEffectGraphs":true,"m_FxEnabled":true},"in2DMode":false,"pivot":{"x":-1.120394229888916,"y":0.5070065259933472,"z":1.7777953147888184},"rotation":{"x":-0.045965131372213367,"y":0.44300377368927,"z":-0.022750237956643106,"w":-0.8950533270835877},"size":2.1314098834991457,"orthographic":false}